{
  "implementation": "cython",
  "timestamp": "20250928_170433",
  "area_length": 100.0,
  "cell_count": 200,
  "initial_population": 50000,
  "warmup_events": 10000,
  "target_events": 10000000,
  "performed_events": 10000000,
  "elapsed_seconds": 1070.0141582999786,
  "throughput_events_per_second": 9345.670730084395,
  "first_segment": {
    "target_events": 1000000,
    "performed_events": 1000000,
    "elapsed_seconds": 121.66674019998754,
    "throughput_events_per_second": 8219.173114659501
  },
  "last_segment": {
    "target_events": 9000000,
    "performed_events": 9000000,
    "elapsed_seconds": 948.343373699754,
    "throughput_events_per_second": 9490.233442438122
  },
  "final_population": 9998,
  "final_birth_rate": 9998.0,
  "final_death_rate": 9899.424056241456,
  "histogram_bins": 100,
  "histogram_path": "C:\\Users\\radia\\PycharmProjects\\SBDPP_sim\\SSA\\benchmark\\cython_histogram_20250928_170433.png"
}